{
  "IdleLeft": {
    "Frame0": [ 0.0, 0.0, 32.0, 32.0 ],
    "Frame1": [ 32.0, 0.0, 64.0, 32.0 ],
    "Frame2": [ 64.0, 0.0, 96.0, 32.0 ],
    "Frame3": [ 96.0, 0.0, 128.0, 32.0 ],
    "NumFrames": 4,
    "Repeating": true,
    "SecsPerFrame": 0.16670000553131104
  },
  "IdleRight": {
    "Frame0": [ 0.0, 32.0, 32.0, 64.0 ],
    "Frame1": [ 32.0, 32.0, 64.0, 64.0 ],
    "Frame2": [ 64.0, 32.0, 96.0, 64.0 ],
    "Frame3": [ 96.0, 32.0, 128.0, 64.0 ],
    "NumFrames": 4,
    "Repeating": true,
    "SecsPerFrame": 0.16670000553131104
  },
  "IdleUp": {
    "Frame0": [ 0.0, 64.0, 32.0, 96.0 ],
    "Frame1": [ 32.0, 64.0, 64.0, 96.0 ],
    "Frame2": [ 64.0, 64.0, 96.0, 96.0 ],
    "Frame3": [ 96.0, 64.0, 128.0, 96.0 ],
    "NumFrames": 4,
    "Repeating": true,
    "SecsPerFrame": 0.16670000553131104
  },
  "IdleDown": {
    "Frame0": [ 0.0, 96.0, 32.0, 128.0 ],
    "Frame1": [ 32.0, 96.0, 64.0, 128.0 ],
    "Frame2": [ 64.0, 96.0, 96.0, 128.0 ],
    "Frame3": [ 96.0, 96.0, 128.0, 128.0 ],
    "NumFrames": 4,
    "Repeating": true,
    "SecsPerFrame": 0.16670000553131104
  },
  "MoveLeft": {
    "Frame0": [ 0.0, 128.0, 32.0, 160.0 ],
    "Frame1": [ 32.0, 128.0, 64.0, 160.0 ],
    "Frame2": [ 64.0, 128.0, 96.0, 160.0 ],
    "Frame3": [ 96.0, 128.0, 128.0, 160.0 ],
    "NumFrames": 4,
    "Repeating": true,
    "SecsPerFrame": 0.16670000553131104
  },
  "MoveRight": {
    "Frame0": [ 0.0, 160.0, 32.0, 192.0 ],
    "Frame1": [ 32.0, 160.0, 64.0, 192.0 ],
    "Frame2": [ 64.0, 160.0, 96.0, 192.0 ],
    "Frame3": [ 96.0, 160.0, 128.0, 192.0 ],
    "NumFrames": 4,
    "Repeating": true,
    "SecsPerFrame": 0.16670000553131104
  },
 "MoveUp": {
    "Frame0": [ 0.0, 192.0, 32.0, 224.0 ],
    "Frame1": [ 32.0, 192.0, 64.0, 224.0 ],
    "Frame2": [ 64.0, 192.0, 96.0, 224.0 ],
    "Frame3": [ 96.0, 192.0, 128.0, 224.0 ],
    "NumFrames": 4,
    "Repeating": true,
    "SecsPerFrame": 0.16670000553131104
  },
 "MoveDown": {
    "Frame0": [ 0.0, 224.0, 32.0, 256.0 ],
    "Frame1": [ 32.0, 224.0, 64.0, 256.0 ],
    "Frame2": [ 64.0, 224.0, 96.0, 256.0 ],
    "Frame3": [ 96.0, 224.0, 128.0, 256.0 ],
    "NumFrames": 4,
    "Repeating": true,
    "SecsPerFrame": 0.16670000553131104
  }
}